<?xml version="1.0" encoding="UTF-8"?>
<beans xmlns="http://www.springframework.org/schema/beans"
	xmlns:xsi="http://www.w3.org/2001/XMLSchema-instance" xmlns:context="http://www.springframework.org/schema/context"
	xmlns:tx="http://www.springframework.org/schema/tx" xmlns:cache="http://www.springframework.org/schema/cache"
	xmlns:p="http://www.springframework.org/schema/p"
	xsi:schemaLocation="
http://www.springframework.org/schema/beans
http://www.springframework.org/schema/beans/spring-beans-3.0.xsd
http://www.springframework.org/schema/context
http://www.springframework.org/schema/context/spring-context-3.0.xsd
http://www.springframework.org/schema/tx
http://www.springframework.org/schema/tx/spring-tx-3.0.xsd
http://www.springframework.org/schema/cache http://www.springframework.org/schema/cache/spring-cache.xsd">

	<context:component-scan base-package="com.att.tpp" />

	<!-- Create Property Configurator that will be leverage to pull and parse 
		the properties file. This will allow us to create a properties file to configure 
		the service outside the WAR file. This is specific to the spring-config.xml 
		values needed to configure the service "dynamically". Dynamically means update 
		bean value properties without having to re-compile or re-WAR the service. -->
	<bean id="propertyConfigurator" class="org.springframework.beans.factory.config.PropertyPlaceholderConfigurer">
		<property name="locations">
			<list>
				<value>file:${catalina.home}/3pp/config/ArchiveService.properties</value>
				<value>file:${catalina.home}/3pp/config/server.properties</value>
			</list>
		</property>
	</bean> 

	<!-- Create Apache ActiveMQ Connection Factory. -->
	<bean id="localConnectionFactory" class="org.apache.activemq.ActiveMQConnectionFactory">
		<property name="brokerURL" value="${activemq.local.broker}" />
	</bean>

	<!-- JMSTemplate is a Spring template that allows us to communicate with 
		a message broker via JMS. JMSTemplate takes care of boiler plate code such 
		as exception handling and resource management such as connection pooling. 
		This allows us concentrate on solving the 'business' problem. We supply the 
		JMS template with the connection factory mentioned above -->
	<bean id="jmsTemplate" class="org.springframework.jms.core.JmsTemplate">
		<property name="connectionFactory" ref="localConnectionFactory" />
	</bean>

	<!-- Our message listener implementation that implements the JMS MessageListener 
		interface and implements the onMessage method to process incoming messages -->
	<bean id="archiveQueueListener" class="com.att.tpp.jms.listener.ArchiveQueueListener">
		<!-- <property name="gatewayRequestSender" ref="gatewayRequestSender" /> -->
		<property name="gatewayQueueSender" ref="gatewayQueueSender" />
	</bean>

	<!-- Our message sender implementation that implements the JMS MessageListener 
		interface and implements the onMessage method to process incoming messages -->
	<bean id="gatewayQueueSender" class="com.att.tpp.jms.sender.GatewayQueueSender">
		<!-- <property name="gatewayRequestSender" ref="gatewayRequestSender" /> -->
		<property name="jmsTemplate" ref="jmsTemplate" />
		<property name="gatewayConfirmationQueue" ref="gatewayConfirmationQueue" />
	</bean>


	<!-- Create Queue Identifier that will be used by listener class. This queue 
		is configured to receive messages to Archive Queue. -->
	<bean id="archiveQueue" class="org.apache.activemq.command.ActiveMQQueue">
		<property name="physicalName" value="${archive.queue}" />
	</bean>

	<!-- Create Queue Identifier that will be used by sender class. This queue 
		is configured to send messages to Gateway Provisioning Request Queue. -->
	<bean id="gatewayConfirmationQueue" class="org.apache.activemq.command.ActiveMQQueue">
		<property name="physicalName" value="${gateway.local.response.queue}" />
	</bean>

	<!-- DefaultMessageListenerConatiner is the Spring equivalent to an EJB 
		Message Driven Bean. It polls and consumes messages from a JMS queue. The 
		configuration below is as follows 1. connectionFactory - the connection factory 
		definition used to connect to the Message Broker which in our case is Active 
		MQ 2. destination - the Queue which the MessageListener container is listening 
		on from incoming messages 3. messageListener - the implementation class that 
		will actually handle the incoming messages. The DeafultMesssageListener takes 
		messages from the queue and passes them to the message listener for processing. 
		- this is the number of threads that the DeafultMesaegListenerContainer will 
		spawn to handle incoming messages. The default is 1 but in our application 
		we'll have 2 separate threads processing incoming messages. -->
	<bean id="archiveMessageListenerContainer"
		class="org.springframework.jms.listener.DefaultMessageListenerContainer">
		<property name="connectionFactory" ref="localConnectionFactory" />
		<property name="destination" ref="archiveQueue" />
		<property name="messageListener" ref="archiveQueueListener" />
		<property name="sessionTransacted" value="${archiveService.sessionTransacted}" /> <!-- Process message within transaction if it fails listener execution, message 
			reception can be rolled back -->
		<property name="concurrentConsumers" value="${archiveService.concurrentConsumers}" />
	</bean>

	<!-- ***Hibernate Configuration Start*** -->
	<tx:annotation-driven transaction-manager="dataTransactionManager" />
	<tx:annotation-driven transaction-manager="archiveTransactionManager" />

	<!-- No DB Pooling -->
	<!--bean id="dataSourceData"
		class="org.springframework.jdbc.datasource.DriverManagerDataSource">
		<property name="driverClassName" value="${database.driver}" />
		<property name="url" value="${database.url}" />
		<property name="username" value="${database.data.user}" />
		<property name="password" value="${database.data.password}" />
	</bean-->
	
	<!--bean id="archiveSourceData"
		class="org.springframework.jdbc.datasource.DriverManagerDataSource">
		<property name="driverClassName" value="${database.driver}" />
		<property name="url" value="${database.url}" />
		<property name="username" value="${database.archive.user}" />
		<property name="password" value="${database.archive.password}" />
	</bean-->
	<!-- END DB Pooling -->
	
	<!-- DB Pooling -->
	<bean id="dataSourceData"
		class="com.mchange.v2.c3p0.ComboPooledDataSource" destroy-method="close">
		<property name="driverClass" value="${database.driver}" />
		<property name="jdbcUrl" value="${database.url}" />
		<property name="user" value="${database.data.user}" />
		<property name="password" value="${database.data.password}" />
		
		<property name="acquireIncrement" value="1" />
		<property name="minPoolSize" value="50" />		
		<property name="maxPoolSize" value="50" />
	</bean>		
	
	<bean id="archiveSourceData"
		class="com.mchange.v2.c3p0.ComboPooledDataSource" destroy-method="close">
		<property name="driverClass" value="${database.driver}" />
		<property name="jdbcUrl" value="${database.url}" />
		<property name="user" value="${database.archive.user}" />
		<property name="password" value="${database.archive.password}" />
		
		<property name="acquireIncrement" value="1" />
		<property name="minPoolSize" value="25" />		
		<property name="maxPoolSize" value="25" />
	</bean>
	<!-- END DB Pooling -->

	<bean id="sessionFactoryData"
		class="org.springframework.orm.hibernate4.LocalSessionFactoryBean">
		<property name="dataSource" ref="dataSourceData" />
		<property name="annotatedClasses">
			<list>
				<!-- <value>com.att.tpp.model.InterfaceArchive</value> -->
				<value>com.att.tpp.model.Product</value>
				<value>com.att.tpp.model.ProductAttribute</value>
				<value>com.att.tpp.model.ProvisioningRequest</value>
				<value>com.att.tpp.model.ProvisioningTask</value>
				<value>com.att.tpp.model.ProvisioningTaskPK</value>
				<value>com.att.tpp.model.TransCode</value>
				<value>com.att.tpp.model.Timer</value>
				<value>com.att.tpp.model.TimerPK</value>
			</list>
		</property>
		<property name="hibernateProperties">
			<props>
				<prop key="hibernate.dialect">${hibernate.dialect}</prop>
				<prop key="hibernate.show_sql">${hibernate.show_sql}</prop>
			</props>
		</property>
	</bean>

	<bean id="sessionFactoryArchive"
		class="org.springframework.orm.hibernate4.LocalSessionFactoryBean">
		<property name="dataSource" ref="archiveSourceData" />
		<property name="annotatedClasses">
			<list>
				<value>com.att.tpp.model.InterfaceArchive</value>
				<value>com.att.tpp.model.MimToolsInterfaceStat</value>
				<value>com.att.tpp.model.Product</value>
				<value>com.att.tpp.model.GatewayArchive</value>
				<value>com.att.tpp.model.TransactionArchive</value>
				<value>com.att.tpp.model.AtlasMessageArchive</value>
			</list>
		</property>
		<property name="hibernateProperties">
			<props>
				<prop key="hibernate.dialect">${hibernate.dialect}</prop>
				<prop key="hibernate.show_sql">${hibernate.show_sql}</prop>
			</props>
		</property>
	</bean>

	<bean id="dataTransactionManager"
		class="org.springframework.orm.hibernate4.HibernateTransactionManager">
		<property name="sessionFactory" ref="sessionFactoryData" />
	</bean>

	<bean id="archiveTransactionManager"
		class="org.springframework.orm.hibernate4.HibernateTransactionManager">
		<property name="sessionFactory" ref="sessionFactoryArchive" />
	</bean>
	
	
	<bean id="archiveController" class="com.att.tpp.controller.ArchiveController">
		<constructor-arg name="enableClob" value="${enableClob}" />
	</bean>
</beans>

