<?xml version="1.0" encoding="UTF-8"?>
<Configuration>
	<Properties>
		<Property name="log-path">${sys:catalina.base}/3pp/logs</Property>
	</Properties>
	<Appenders>
		<RollingFile name="RollingFile-Appender" fileName="${log-path}/CSICollectorService.log"
			filePattern="${log-path}/CSICollectorService.log.%d{yyyy-MM-dd}"  append="true">
			<PatternLayout>
				<pattern>%d %p [%c] - %m%n</pattern>
			</PatternLayout>
			<Policies>
				<TimeBasedTriggeringPolicy interval="1"/>
<!-- 				<SizeBasedTriggeringPolicy size="20 MB"/> -->
			</Policies>
<!-- 			<DefaultRolloverStrategy max="30"  /> -->
		</RollingFile>
	</Appenders>

	<Loggers>
		<Logger name="com.att.tpp" level="DEBUG" additivity="false">
			<AppenderRef ref="RollingFile-Appender" />
		</Logger>
		<Logger name="org.hibernate" level="DEBUG" additivity="false">
			<AppenderRef ref="RollingFile-Appender" />
		</Logger> 
		<Logger name="org.springframework" level="DEBUG" additivity="false">
			<AppenderRef ref="RollingFile-Appender" />
		</Logger>  
		<Root level="DEBUG" additivity="true">
			<AppenderRef ref="RollingFile-Appender" />
		</Root>
	</Loggers>
</Configuration>
