<?xml version="1.0" encoding="UTF-8"?>
<beans xmlns="http://www.springframework.org/schema/beans"
	xmlns:xsi="http://www.w3.org/2001/XMLSchema-instance" xmlns:context="http://www.springframework.org/schema/context"
	xmlns:tx="http://www.springframework.org/schema/tx" xmlns:cache="http://www.springframework.org/schema/cache"
	xmlns:p="http://www.springframework.org/schema/p"
	xsi:schemaLocation="
http://www.springframework.org/schema/beans
http://www.springframework.org/schema/beans/spring-beans-3.0.xsd
http://www.springframework.org/schema/context
http://www.springframework.org/schema/context/spring-context-3.0.xsd
http://www.springframework.org/schema/tx
http://www.springframework.org/schema/tx/spring-tx-3.0.xsd
http://www.springframework.org/schema/cache http://www.springframework.org/schema/cache/spring-cache.xsd">
	<context:component-scan base-package="com.att.tpp" />
	
	<!--  
			Create Property Configurator that will be leverage to pull and parse the properties file.
			This will allow us to create a properties file to configure the service outside the WAR file.
			This is specific to the spring-config.xml values needed to configure the service "dynamically".
			Dynamically means update bean value properties without having to re-compile or re-WAR the service. 
	 -->	
	<bean id="propertyConfigurator" class="org.springframework.beans.factory.config.PropertyPlaceholderConfigurer">
	<property name="locations">
	<list>
	<value>file:${catalina.home}/3pp/config/CSICollectorService.properties</value>
	<value>file:${catalina.home}/3pp/config/server.properties</value>
	</list>
	</property>
	</bean>


	<bean id="csiDestinationConnectionFactory" class="org.apache.activemq.ActiveMQConnectionFactory">
		<property name="brokerURL" value="${activemq.CSICollector.destination.broker}" />
	</bean>

		
	<!--  
			Create Queue Identifier that will be used by listener class.
			This queue is configured to collect messages from SWC Provisioning Request Queue.
	 -->	
	<bean id="dcmProvRequestQueue" class="org.apache.activemq.command.ActiveMQQueue">
		<property name="physicalName" value="${csi.collector.dcm.queue}" />
	</bean>
	
	
	<!--  
			Create Queue Identifier that will be used by listener class.
			This queue is configured to collect messages from SWC Provisioning Request Queue.
	 -->	
	<bean id="csiProvRequestQueue" class="org.apache.activemq.command.ActiveMQQueue">
		<property name="physicalName" value="${csi.collector.csi.queue}" />
	</bean>
	
	<!--  
			Create Queue Identifier that will be used by sender class.
			This queue is configured to send messages to Gateway Provisioning Request Queue.
	 -->
	<bean id="gatewayProvRequestQueue" class="org.apache.activemq.command.ActiveMQQueue">
		<property name="physicalName" value="${gateway.queue}" />
	</bean>	
	
	<bean id="csiServiceRequestQueue" class="org.apache.activemq.command.ActiveMQQueue">
		<property name="physicalName" value="${csi.queue}" />
	</bean>	

	<!-- Our message listener implementation that implements the JMS MessageListener 
		interface and implements the onMessage method to process incoming messages -->
	<bean id="dcmRequestListener" class="com.att.tpp.jms.listener.DCMRequestListener">
		<property name="gatewayRequestSender" ref="gatewayRequestSender" />
	</bean>

	<bean id="csiRequestListener" class="com.att.tpp.jms.listener.CSIRequestListener">
		<property name="gatewayRequestSender" ref="gatewayRequestSender" />
	</bean>

	<!-- MessageSender is a simple POJO that we supply with a JMSTemplate and 
		the Queue that we want to send messages to -->
	<bean id="gatewayRequestSender" class="com.att.tpp.jms.sender.GatewayRequestSender">
		<property name="jmsTemplate" ref="jmsTemplate" />
		<property name="gatewayProvRequestQueue" ref="gatewayProvRequestQueue" />
	</bean>
	
	<bean id="csiRequestSender" class="com.att.tpp.jms.sender.CSIQueueSender">
		<property name="jmsTemplate" ref="jmsTemplate" />
		<property name="csiServiceRequestQueue" ref="csiServiceRequestQueue" />
	</bean>
	
	<!--
			Create Apache ActiveMQ Connection Factory.
			This will let us define the broker.
			The Listener will use this connection factory to subscribe to the queue. for use by the Listener.
			The JmsTemplate will also use this connection factory to publish messages to the queue. 
	 -->
	<bean id="mqConnectionFactory" class="org.apache.activemq.ActiveMQConnectionFactory">
		<property name="brokerURL" value="${activemq.local.broker}"/>
	</bean>


	<!-- DefaultMessageListenerConatiner is the Spring equivalent to an EJB 
		Message Driven Bean. It polls and consumes messages from a JMS queue. The 
		configuration below is as follows 1. connectionFactory - the connection factory 
		definition used to connect to the Message Broker which in our case is Active 
		MQ 2. destination - the Queue which the MessageListener container is listening 
		on from incoming messages 3. messageListener - the implementation class that 
		will actually handle the incoming messages. The DeafultMesssageListener takes 
		messages from the queue and passes them to the message listener for processing. 
		- this is the number of threads that the DeafultMesaegListenerContainer will 
		spawn to handle incoming messages. The default is 1 but in our application 
		we'll have 2 separate threads processing incoming messages. -->
	<bean id="dcmMessageListenerContainer"
		class="org.springframework.jms.listener.DefaultMessageListenerContainer">
		<property name="connectionFactory" ref="mqConnectionFactory" />
		<property name="destination" ref="dcmProvRequestQueue" />
		<property name="messageListener" ref="dcmRequestListener" />
		<property name="sessionTransacted" value="${csi.collector.dcmSessionTransacted}"/> <!-- Process message within transaction if it fails listener execution, message reception can be rolled back -->
		<property name="concurrentConsumers" value="${csi.collector.dcmConcurrentConsumers}" />
	</bean>

	<bean id="csiMessageListenerContainer"
		class="org.springframework.jms.listener.DefaultMessageListenerContainer">
		<property name="connectionFactory" ref="mqConnectionFactory" />
		<property name="destination" ref="csiProvRequestQueue" />
		<property name="messageListener" ref="csiRequestListener" />
		<property name="sessionTransacted" value="${csi.collector.csiSessionTransacted}"/> <!-- Process message within transaction if it fails listener execution, message reception can be rolled back -->
		<property name="concurrentConsumers" value="${csi.collector.csiConcurrentConsumers}" />
	</bean>
	<!-- JMSTemplate is a Spring template that allows us to communicate with 
		a message broker via JMS. JMSTemplate takes care of boiler plate code such 
		as exception handling and resource management such as connection pooling. 
		This allows us concentrate on solving the 'business' problem. We supply the 
		JMS template with the connection factory mentioned above -->
	<bean id="jmsTemplate" class="org.springframework.jms.core.JmsTemplate">
		<property name="connectionFactory" ref="csiDestinationConnectionFactory" />
	</bean>
	
	
		<!-- ***Hibernate Configuration Start*** -->

	<tx:annotation-driven transaction-manager="configTransactionManager" />
	<cache:annotation-driven />

	<bean id="cacheManager" class="org.springframework.cache.ehcache.EhCacheCacheManager"
		p:cache-manager-ref="ehcache" />
	<bean id="ehcache"
		class="org.springframework.cache.ehcache.EhCacheManagerFactoryBean"
		p:config-location="classpath:com/att/tpp/hibernate/ehcache.xml" />

	<bean id="dataSourceConfig"
		class="com.mchange.v2.c3p0.ComboPooledDataSource" destroy-method="close">
		<property name="driverClass" value="${database.driver}" />
		<property name="jdbcUrl" value="${database.url}" />
		<property name="user" value="${database.config.user}" />
		<property name="password" value="${database.config.password}" />
		
		<property name="acquireIncrement" value="1" />
		<property name="minPoolSize" value="5" />		
		<property name="maxPoolSize" value="5" />
	</bean>

	<bean id="configTransactionManager"
		class="org.springframework.orm.hibernate4.HibernateTransactionManager">
		<property name="sessionFactory" ref="sessionFactoryConfig" />
	</bean>

	<bean id="sessionFactoryConfig"
		class="org.springframework.orm.hibernate4.LocalSessionFactoryBean">
		<property name="dataSource" ref="dataSourceConfig" />
		<property name="annotatedClasses">
			<list>
				<value>com.att.tpp.model.ProductRef</value>
				<value>com.att.tpp.model.FeatureCodeRef</value>
				<value>com.att.tpp.model.ProvisioningSequence</value>
				<value>com.att.tpp.model.ProvisioningSequencePK</value>
			</list>
		</property>
		<property name="hibernateProperties">
			<props>
				<prop key="hibernate.dialect">${hibernate.dialect}</prop>
				<prop key="hibernate.show_sql">${hibernate.show_sql}</prop>
			</props>
		</property>
	</bean>
	
			<!--  Archive -->
	<tx:annotation-driven transaction-manager="archiveTransactionManager"/>
	<bean id="dataSourceArchive"
		class="com.mchange.v2.c3p0.ComboPooledDataSource" destroy-method="close">
		<property name="driverClass" value="${database.driver}" />
		<property name="jdbcUrl" value="${database.url}" />
		<property name="user" value="${database.archive.user}" />
		<property name="password" value="${database.archive.password}" />
		
		<property name="acquireIncrement" value="1" />
		<property name="minPoolSize" value="25" />		
		<property name="maxPoolSize" value="25" />
	</bean>

	<bean id="archiveTransactionManager"
		class="org.springframework.orm.hibernate4.HibernateTransactionManager">
		<property name="sessionFactory" ref="sessionFactoryArchive" />
	</bean>

	<bean id="sessionFactoryArchive"
		class="org.springframework.orm.hibernate4.LocalSessionFactoryBean">
		<property name="dataSource" ref="dataSourceArchive" />
		<property name="annotatedClasses">
			<list>
				<value>com.att.tpp.model.DcmMessageArchive</value>
			</list>
		</property>
		<property name="hibernateProperties">
			<props>
				<prop key="hibernate.dialect">${hibernate.dialect}</prop>
				<prop key="hibernate.show_sql">${hibernate.show_sql}</prop>
			</props>
		</property>
	</bean> 
	
	<!-- Archive -->

	<!-- ***Hibernate Configuration End*** -->

	

</beans>
