<?xml version="1.0" encoding="UTF-8"?>
<beans xmlns="http://www.springframework.org/schema/beans" xmlns:xsi="http://www.w3.org/2001/XMLSchema-instance" xmlns:context="http://www.springframework.org/schema/context"
xmlns:tx="http://www.springframework.org/schema/tx" xmlns:cache="http://www.springframework.org/schema/cache"
xmlns:p="http://www.springframework.org/schema/p"
xsi:schemaLocation="
http://www.springframework.org/schema/beans
http://www.springframework.org/schema/beans/spring-beans-4.0.xsd
http://www.springframework.org/schema/context
http://www.springframework.org/schema/context/spring-context-4.0.xsd
http://www.springframework.org/schema/tx
http://www.springframework.org/schema/tx/spring-tx-4.0.xsd
http://www.springframework.org/schema/cache http://www.springframework.org/schema/cache/spring-cache.xsd">	
<context:component-scan base-package="com.att.tpp" />
	<!--  
			Create Property Configurator that will be leverage to pull and parse the properties file.
			This will allow us to create a properties file to configure the service outside the WAR file.
			This is specific to the spring-config.xml values needed to configure the service "dynamically".
			Dynamically means update bean value properties without having to re-compile or re-WAR the service. 
	 -->	
     <bean id="propertyConfigurator"
		class="org.springframework.beans.factory.config.PropertyPlaceholderConfigurer">
		<property name="locations">
			<list>
			    <value>file:${catalina.home}/3pp/config/CommunicationService.properties</value>
			    <value>file:${catalina.home}/3pp/config/server.properties</value>
			</list>
		</property>
	</bean>

		
	<!-- ***ActiveMQ Configuration Start*** -->	

	<!--
			Create Apache ActiveMQ Connection Factory.
			This will let us define the broker.
			The Listener will use this connection factory to subscribe to the queue. for use by the Listener.
			The JmsTemplate will also use this connection factory to publish messages to the queue. 
	 -->
	<bean id="localConnectionFactory" class="org.apache.activemq.ActiveMQConnectionFactory">
		<property name="brokerURL" value="${activemq.local.broker}"/>
	</bean>
	
	<!-- Our message listener implementation that implements the JMS MessageListener 
		interface and implements the onMessage method to process incoming messages -->
	<bean id="communicationQueueListener" class="com.att.tpp.jms.listener.CommunicationQueueListener" depends-on="onHoldProcess,sslConnectionSetup">
	</bean>	
	
	<!--  
			Create Queue Identifier that will be used by listener class.
			This queue is configured to collect messages from Atlas Provisioning Request Queue.
	 -->	
	<bean id="communicationQueue" class="org.apache.activemq.command.ActiveMQQueue">
		<property name="physicalName" value="${communication.queue}" />
	</bean>
	

	<!--  
			Create Queue Identifier that will be used by sender class.
			This queue is configured to send messages to Gateway Provisioning Request Queue.
	 -->
	<bean id="communicationRequestQueue" class="org.apache.activemq.command.ActiveMQQueue">
		<property name="physicalName" value="${communication.queue}" />
	</bean>	

	
	<bean id="onHoldQueueSender" class="com.att.tpp.jms.sender.OnHoldQueueSender">
		<property name="jmsTemplate" ref="jmsTemplate" />
		<property name="onHoldRequestQueue" ref="onHoldRequestQueue" />
	</bean>

	<bean id="onHoldRequestQueue" class="org.apache.activemq.command.ActiveMQQueue">
		<property name="physicalName" value="${onHold.queue}" />
	</bean>
	
	
	<bean id="responseQueueSender" class="com.att.tpp.jms.sender.ResponseQueueSender">
		<property name="jmsTemplate" ref="jmsTemplate" />
		<property name="responseQueue" ref="responseQueue" />
	</bean>

	<bean id="responseQueue" class="org.apache.activemq.command.ActiveMQQueue">
		<property name="physicalName" value="${response.queue}" />
	</bean>	
	
	<bean id="workflowOutBoundQueueSender" class="com.att.tpp.jms.sender.WorkflowOutBoundQueueSender">
		<property name="jmsTemplate" ref="jmsTemplate" />
		<property name="workflowOutBoundQueue" ref="workflowOutBoundQueue" />
	</bean>

	<bean id="workflowOutBoundQueue" class="org.apache.activemq.command.ActiveMQQueue">
		<property name="physicalName" value="${outbound.workflow.queue}" />
	</bean>

	<bean id="csiRequestQueue" class="org.apache.activemq.command.ActiveMQQueue">
		<property name="physicalName" value="${csi.queue}" />
	</bean>

	<bean id="csiQueueSender" class="com.att.tpp.jms.sender.CSIQueueSender">
		<property name="jmsTemplate" ref="jmsTemplate" />
		<property name="csiRequestQueue" ref="csiRequestQueue" />
	</bean>
	
	<bean id="csfobpmRequestQueue" class="org.apache.activemq.command.ActiveMQQueue">
		<property name="physicalName" value="${csfobpm.queue}" />
	</bean>

	<bean id="csfobpmQueueSender" class="com.att.tpp.jms.sender.CSFOBPMQueueSender">
		<property name="jmsTemplate" ref="jmsTemplate" />
		<property name="csfobpmRequestQueue" ref="csfobpmRequestQueue" />
	</bean>

	<bean id="oceRequestQueue" class="org.apache.activemq.command.ActiveMQQueue">
		<property name="physicalName" value="${oce.queue}" />
	</bean>

	<bean id="oceQueueSender" class="com.att.tpp.jms.sender.OCEQueueSender">
		<property name="jmsTemplate" ref="jmsTemplate" />
		<property name="OCERequestQueue" ref="oceRequestQueue" />
	</bean>
	<bean id="finalQueueSender" class="com.att.tpp.jms.sender.FinalResponseQueueSender">
		<property name="jmsTemplate" ref="jmsTemplate" />
		<property name="finalResponseQueue" ref="finalResponseQueue" />
	</bean>

	<bean id="finalResponseQueue" class="org.apache.activemq.command.ActiveMQQueue">
		<property name="physicalName" value="${finalTransRequest.queue}" />
	</bean>
	<!-- DefaultMessageListenerConatiner is the Spring equivalent to an EJB 
		Message Driven Bean. It polls and consumes messages from a JMS queue. The 
		configuration below is as follows 1. connectionFactory - the connection factory 
		definition used to connect to the Message Broker which in our case is Active 
		MQ 2. destination - the Queue which the MessageListener container is listening 
		on from incoming messages 3. messageListener - the implementation class that 
		will actually handle the incoming messages. The DeafultMesssageListener takes 
		messages from the queue and passes them to the message listener for processing. 
		- this is the number of threads that the DeafultMesaegListenerContainer will 
		spawn to handle incoming messages. The default is 1 but in our application 
		we'll have 2 separate threads processing incoming messages. -->
	<bean id="communicationMessageListenerContainer"
		class="org.springframework.jms.listener.DefaultMessageListenerContainer">
		<property name="connectionFactory" ref="localConnectionFactory" />
		<property name="destination" ref="communicationQueue" />
		<property name="messageListener" ref="communicationQueueListener" />
		<property name="sessionTransacted" value="${communication.sessionTransacted}" />
		<property name="concurrentConsumers" value="${communication.concurrentConsumers}" />
	</bean>	
	
	<!--bean id="cachedConnectionFactory"
	    class="org.springframework.jms.connection.CachingConnectionFactory"
	    p:targetConnectionFactory-ref="mqConnectionFactory"
	    p:sessionCacheSize="10" /-->
	
	<!-- JMSTemplate is a Spring template that allows us to communicate with 
		a message broker via JMS. JMSTemplate takes care of boiler plate code such 
		as exception handling and resource management such as connection pooling. 
		This allows us concentrate on solving the 'business' problem. We supply the 
		JMS template with the connection factory mentioned above -->		
	<bean id="jmsTemplate" class="org.springframework.jms.core.JmsTemplate">
		<property name="connectionFactory" ref="localConnectionFactory" />
	</bean>
	
	<!-- ***ActiveMQ Configuration End*** -->
	
	
	
		<!-- JaxWsPortProxyFactoryBean is a Spring bean that allows us to communicate with 
		the CSI Web Service via SOAP. JaxWsPortProxyFactoryBean takes care of boiler plate code such 
		as setting each property to define the Web Service call.  -->
		
<!-- 	<bean id="intradoService" class="org.springframework.remoting.jaxws.JaxWsPortProxyFactoryBean"
		p:serviceInterface="com.intrado.namespaces.vui.Vui"		                    
        p:wsdlDocumentUrl="file:${catalina.home}/3pp/schemas/Intrado/vuiMod.wsdl"
		p:namespaceUri="http://www.intrado.com/namespaces/vui"
		p:serviceName="vui"
		p:portName="vuiSoap"
		p:endpointAddress="${intradoURL}"/> -->
		
		
<!-- 	<bean id="add3PPOrderNotesService" class="org.springframework.remoting.jaxws.JaxWsPortProxyFactoryBean"
		p:serviceInterface="com.cingular.csi.csi.namespaces.v84.wsdl.cingularwirelesscsi.Add3PPOrderNotesPortType"
        p:wsdlDocumentUrl="file:${catalina.home}/3pp/schemas/CSI/CingularWirelessCSI.wsdl"
		p:namespaceUri="http://csi.cingular.com/CSI/Namespaces/v84/wsdl/CingularWirelessCSI.wsdl"
		p:serviceName="CingularWirelessCSIService"
		p:portName="Add3PPOrderNotesSoapHttpPort"
		p:endpointAddress="https://${csi.transport}/Services/com/cingular/csi/compass/Add3PPOrderNotes.jws"/> -->
		
		<!-- Intrado WebService -->
	
	
	
<!-- 	<bean id="intradoRequest" class="com.att.tpp.service.IntradoRequest">
		<constructor-arg name="intradoCert" value="${intradoCert}"/>
		<constructor-arg name="intradoCertPwd" value="${intradoCertPwd}"/>
		<constructor-arg name="endpointAddress" value="${intradoURL}"/>		
		<constructor-arg name="trustoreFileName" value="${trustoreFileName}"/>
		<constructor-arg name="trustoreStorePass" value="${trustoreStorePass}"/>
	</bean> -->

	<bean id="sslConnectionSetup" class="com.att.tpp.config.InitializeSSLConnection">
		<constructor-arg name="trustoreFileName" value="${trustoreFileName}" />
		<constructor-arg name="keystoreFileName" value="${keystoreFileName}" />
		<constructor-arg name="trustoreStorePass" value="${trustoreStorePass}" />
		<constructor-arg name="keystorepass" value="${keyStorePass}" />
		<constructor-arg name="useProxy" value="${useProxy}" />
		<constructor-arg name="proxyHost" value="${proxyHost}" />
		<constructor-arg name="proxyPort" value="${proxyPort}" />
		<constructor-arg name="useTLS12" value="${useTLS12}" />
		<constructor-arg name="turbo" value="${turbo}" />			
	</bean>
	
	
	<bean id="loadCerts" class="com.att.tpp.config.LoadCerts">
		<constructor-arg name="certPath" value="${certPath}"/>
		<constructor-arg name="trustoreFileName" value="${trustoreFileName}"/>
		<constructor-arg name="trustoreStorePass" value="${trustoreStorePass}"/>		
	</bean>
	
<!-- 	<bean id="postHTPPS" class="com.att.tpp.service.PostRequest">
		<constructor-arg name="trustoreFileName" value="${trustoreFileName}"/>
		<constructor-arg name="keystoreFileName" value="${keystoreFileName}"/>
		<constructor-arg name="trustoreStorePass" value="${trustoreStorePass}"/>		
		<constructor-arg name="keystorepass" value="${keyStorePass}" />
	</bean> -->
	

	
	

	<bean id="sqsService" class="com.att.tpp.service.SQSService">
		<constructor-arg name="pikeAKey" value="${pikeAKey}"/>
		<constructor-arg name="pikeSKey" value="${pikeSKey}" />		
	</bean>
	
	<bean id="emailService" class="com.att.tpp.service.EmailService">
		<constructor-arg name="emailFrom" value="${emailFrom}"/>
		<constructor-arg name="emailHost" value="${emailHost}" />		
	</bean>

<!-- 	<bean id="onHoldProcess" class="com.att.tpp.service.OnHoldQueueService">
		<constructor-arg name="connectionTcpUrl" value="Test" />
		<constructor-arg name="onHoldQueue" value="Test1" />
	</bean>	 -->

	<bean id="onHoldProcess" class="com.att.tpp.service.OnHoldQueueService">
		<constructor-arg name="connectionTcpUrl" value="${activemq.local.broker}" />
		<constructor-arg name="onHoldQueue" value="${onHold.queue}" />
		<constructor-arg name="transactionQueue" value="${communication.queue}" />
	</bean>

	<bean id="intradoService" class="com.att.tpp.service.PostIntradoRequest">
		<constructor-arg name="httpsURL" value="${intradoHttpsURL}" />
		<constructor-arg name="vuiAccount" value="${vuiAccount}" />
		<constructor-arg name="intradoConnTimeout" value="${intradoConnTimeout}" />
	</bean>

	<!-- ***Hibernate Configuration Start*** -->
	<!-- Config -->

<tx:annotation-driven transaction-manager="configTransactionManager"/>
<tx:annotation-driven transaction-manager="dataTransactionManager"/>
<tx:annotation-driven transaction-manager="archiveTransactionManager"/>


	<!-- bean id="dataSourceConfig"
		class="org.springframework.jdbc.datasource.DriverManagerDataSource">
		<property name="driverClassName" value="${database.driver}" />
		<property name="url" value="${database.url}" />
		<property name="username" value="${database.config.user}" />
		<property name="password" value="${database.config.password}" />
	</bean-->
	
	<bean id="dataSourceConfig"
		class="com.mchange.v2.c3p0.ComboPooledDataSource" destroy-method="close">
		<property name="driverClass" value="${database.driver}" />
		<property name="jdbcUrl" value="${database.url}" />
		<property name="user" value="${database.config.user}" />
		<property name="password" value="${database.config.password}" />
		
		<property name="acquireIncrement" value="1" />
		<property name="minPoolSize" value="5" />		
		<property name="maxPoolSize" value="5" />
	</bean>

	<bean id="configTransactionManager"
		class="org.springframework.orm.hibernate4.HibernateTransactionManager">
		<property name="sessionFactory" ref="sessionFactoryConfig" />
	</bean>

	<bean id="sessionFactoryConfig"
		class="org.springframework.orm.hibernate4.LocalSessionFactoryBean">
		<property name="dataSource" ref="dataSourceConfig" />
		<property name="annotatedClasses">
			<list>
				<value>com.att.tpp.model.SystemConfiguration</value>
				<value>com.att.tpp.model.SystemConfigurationPK</value>
				<value>com.att.tpp.model.RetryConfiguration</value>
				<value>com.att.tpp.model.RetryConfigurationPK</value>
				<value>com.att.tpp.model.ProvisioningSequence</value>
				<value>com.att.tpp.model.ProvisioningSequencePK</value>
				<value>com.att.tpp.model.UriConfiguration</value>
				<value>com.att.tpp.model.SystemRef</value>
				<value>com.att.tpp.model.ProductRef</value>
				<value>com.att.tpp.model.jpa.ProvisioningTask</value>
				<value>com.att.tpp.model.jpa.ProvisioningTaskPK</value>
				<value>com.att.tpp.model.jpa.Timer</value>
				<value>com.att.tpp.model.jpa.TimerPK</value>									
			</list>
		</property>
		<property name="hibernateProperties">
			<props>
				<prop key="hibernate.dialect">${hibernate.dialect}</prop>
				<prop key="hibernate.show_sql">${hibernate.show_sql}</prop>
			</props>
		</property>
	</bean>
	
	
	<!-- Data -->
	
	<!-- bean id="dataSourceData"
		class="org.springframework.jdbc.datasource.DriverManagerDataSource">
		<property name="driverClassName" value="${database.driver}" />
		<property name="url" value="${database.url}" />
		<property name="username" value="${database.data.user}" />
		<property name="password" value="${database.data.password}" />
	</bean -->
	
	<bean id="dataSourceData"
		class="com.mchange.v2.c3p0.ComboPooledDataSource" destroy-method="close">
		<property name="driverClass" value="${database.driver}" />
		<property name="jdbcUrl" value="${database.url}" />
		<property name="user" value="${database.data.user}" />
		<property name="password" value="${database.data.password}" />
		
		<property name="acquireIncrement" value="1" />
		<property name="minPoolSize" value="50" />		
		<property name="maxPoolSize" value="50" />
	</bean>
	
 <bean id="dataTransactionManager"
		class="org.springframework.orm.hibernate4.HibernateTransactionManager">
		<property name="sessionFactory" ref="sessionFactoryData" />
</bean>

	<bean id="sessionFactoryData"
		class="org.springframework.orm.hibernate4.LocalSessionFactoryBean">
		<property name="dataSource" ref="dataSourceData" />
		<property name="annotatedClasses">
			<list>
				<value>com.att.tpp.model.jpa.ProvisioningRequest</value>
				<value>com.att.tpp.model.jpa.ProvisioningTask</value>
				<value>com.att.tpp.model.jpa.ProvisioningTaskPK</value>
				<value>com.att.tpp.model.jpa.ProductAttribute</value>
				<value>com.att.tpp.model.jpa.Product</value>
				<value>com.att.tpp.model.jpa.TransCode</value>
				<value>com.att.tpp.model.jpa.Timer</value>
			</list>
		</property>
		<property name="hibernateProperties">
			<props>
				<prop key="hibernate.dialect">${hibernate.dialect}</prop>
				<prop key="hibernate.show_sql">${hibernate.show_sql}</prop>
			</props>
		</property>
	</bean>
	
		<!--  Archive -->

	<!--bean id="dataSourceArchive"
		class="org.springframework.jdbc.datasource.DriverManagerDataSource">
		<property name="driverClassName" value="${database.driver}" />
		<property name="url" value="${database.url}" />
		<property name="username" value="${database.archive.user}" />
		<property name="password" value="${database.archive.password}" />
	</bean-->
	
	<bean id="dataSourceArchive"
		class="com.mchange.v2.c3p0.ComboPooledDataSource" destroy-method="close">
		<property name="driverClass" value="${database.driver}" />
		<property name="jdbcUrl" value="${database.url}" />
		<property name="user" value="${database.archive.user}" />
		<property name="password" value="${database.archive.password}" />
		
		<property name="acquireIncrement" value="1" />
		<property name="minPoolSize" value="25" />		
		<property name="maxPoolSize" value="25" />
	</bean>

	<bean id="archiveTransactionManager"
		class="org.springframework.orm.hibernate4.HibernateTransactionManager">
		<property name="sessionFactory" ref="sessionFactoryArchive" />
	</bean>

	<bean id="sessionFactoryArchive"
		class="org.springframework.orm.hibernate4.LocalSessionFactoryBean">
		<property name="dataSource" ref="dataSourceArchive" />
		<property name="annotatedClasses">
			<list>
				<value>com.att.tpp.model.jpa.Interface</value>
			</list>
		</property>
		<property name="hibernateProperties">
			<props>
				<prop key="hibernate.dialect">${hibernate.dialect}</prop>
				<prop key="hibernate.show_sql">${hibernate.show_sql}</prop>
			</props>
		</property>
	</bean> 
	
	<!-- Archive -->

	<!-- ***Hibernate Configuration End*** -->

</beans>