<?xml version="1.0" encoding="utf-8"?>
<descriptor version="1" concurrent="false"
	xmlns="http://aft.att.com/swm/descriptor">
	<platforms>
		<platform os="*" architecture="*" osVersions="*" />
	</platforms>
	<paths>
		<path name="/${artifactId}" type="d" user="tomcat" group="tomcat"
			permissions="0755,0644" recursive="true" />
		<path name="/${artifactId}/${version}" type="d" user="tomcat"
			group="tomcat" permissions="0755,0644" recursive="true" />
	</paths>
	<actions>
		<action type="INIT">
			<proc stage="PRE" user="tomcat" group="tomcat" />
			<proc stage="POST" user="tomcat" group="tomcat" />
		</action>
		<action type="INST">
			<proc stage="PRE" user="tomcat" group="tomcat" />
			<proc stage="POST" user="tomcat" group="tomcat" />
		</action>
		<action type="DINST">
			<proc stage="PRE" user="tomcat" group="tomcat" />
			<proc stage="POST" user="tomcat" group="tomcat" />
		</action>
		<action type="FALL">
			<proc stage="PRE" user="tomcat" group="tomcat" />
			<proc stage="POST" user="tomcat" group="tomcat" />
		</action>
	</actions>
	 <variableDescriptions>
		<variableDescription key="TOMCAT_ADMIN_SERVER_URL" description="Tomcat Admin Server URL" required="true"/>
		<variableDescription key="TOMCAT_ADMIN_USER" description="Tomcat Admin User" required="true"/>
		<variableDescription key="TOMCAT_ADMIN_PW" description="Tomcat Admin Password" required="true"/>
 	 </variableDescriptions>

</descriptor>
